insert into commander (name, rank, age) values
('Bob Morales', 'Major', 60),
('Rafael Nasibov', 'Colonel', 55),
('Doloban Artem', 'Captain', 40),
('Deyneka Anastasia', 'Lieutenant', 30),
('Frank Williams', 'Major', 50),
('Grace Lee', 'Colonel', 58),
('Henry White', 'Captain', 42),
('Ivy Taylor', 'Lieutenant', 28),
('Jack Brown', 'Major', 48),
('Karen Chen', 'Colonel', 57),
('Larry Wilson', 'Captain', 43),
('Monica Taylor', 'Lieutenant', 29),
('Nathan Rodriguez', 'Major', 49),
('Olivia Hernandez', 'Colonel', 56),
('Peter Thompson', 'Captain', 41),
('Quinn Adams', 'Lieutenant', 27),
('Rachel Kim', 'Major', 51),
('Steve Turner', 'Colonel', 59),
('Tracy Clark', 'Captain', 44),
('Ulysses Nguyen', 'Lieutenant', 31),
('Victoria Harris', 'Major', 53),
('Walter Carter', 'Colonel', 54),
('Xena Martinez', 'Captain', 45),
('Yvonne Wright', 'Lieutenant', 32),
('Zachary Brown', 'Major', 52),
('Amy Miller', 'Colonel', 46),
('Bryan Jackson', 'Captain', 33),
('Cathy Adams', 'Lieutenant', 26),
('Daniel Nguyen', 'Major', 47),
('Emily Turner', 'Colonel', 61),
('Floyd White', 'Captain', 39),
('Gloria Smith', 'Lieutenant', 34),
('Hank Davis', 'Major', 62),
('Iris Lee', 'Colonel', 37),
('Jeremy Brown', 'Captain', 35),
('Kathy Chen', 'Lieutenant', 38),
('Liam Wilson', 'Major', 36),
('Monica Harris', 'Colonel', 63),
('Nolan Taylor', 'Captain', 57),
('Olivia Johnson', 'Lieutenant', 29),
('Peter Martinez', 'Major', 51),
('Quincy Adams', 'Colonel', 55),
('Rebecca Kim', 'Captain', 43),
('Samuel Wright', 'Lieutenant', 28),
('Tina Nguyen', 'Major', 49),
('Ulysses Thompson', 'Colonel', 56),
('Vanessa Turner', 'Captain', 42),
('Wesley Clark', 'Lieutenant', 30),
('Xavier Harris', 'Major', 48),
('Yvonne Lee', 'Colonel', 57),
('Zachary White', 'Captain', 44),
('Abby Taylor', 'Lieutenant', 27),
('Benjamin Rodriguez', 'Major', 50),
('Catherine Adams', 'Colonel', 58),
('David Smith', 'Captain', 45),
('Emma Davis', 'Lieutenant', 31),
('Floyd Wright', 'Major', 52),
('Grace Lee', 'Colonel', 59),
('Henry Brown', 'Captain', 46),
('Ivy Chen', 'Lieutenant', 30),
('Jack Wilson', 'Major', 51),
('Kathy Turner', 'Colonel', 58),
('Larry Clark', 'Captain', 43),
('Monica Harris', 'Lieutenant', 29),
('Nathan Nguyen', 'Major', 50),
('Olivia Smith', 'Colonel', 57),
('Peter Adams', 'Captain', 42),
('Quinn Lee', 'Lieutenant', 28),
('Rachel Carter', 'Major', 49),
('Steve Kim', 'Colonel', 56),
('Tina Wright', 'Captain', 41),
('Ulysses Brown', 'Lieutenant', 27),
('Victoria Davis', 'Major', 48),
('Walter Harris', 'Colonel', 55),
('Xena Smith', 'Captain', 44),
('Yvonne Turner', 'Lieutenant', 32),
('Zachary Clark', 'Major', 53),
('Amy Chen', 'Colonel', 54),
('Bryan Adams', 'Captain', 45),
('Cathy Lee', 'Lieutenant', 33),
('Daniel Turner', 'Major', 52),
('Emily Kim', 'Colonel', 47),
('Floyd Harris', 'Captain', 36),
('Gloria Brown', 'Lieutenant', 34),
('Hank Davis', 'Major', 62),
('Iris Smith', 'Colonel', 37),
('Jeremy Wright', 'Captain', 35),
('Kathy Nguyen', 'Lieutenant', 38),
('Liam Harris', 'Major', 36),
('Monica Clark', 'Colonel', 63),
('Nolan Adams', 'Captain', 57),
('Olivia Lee', 'Lieutenant', 29),
('Peter Martinez', 'Major', 51),
('Quincy Thompson', 'Colonel', 55),
('Rebecca Wright', 'Captain', 43),
('Samuel Davis', 'Lieutenant', 28),
('Tina Nguyen', 'Major', 49),
('Ulysses Thompson', 'Colonel', 56),
('Vanessa Turner', 'Captain', 42),
('Wesley Clark', 'Lieutenant', 30),
('Xavier Harris', 'Major', 48),
('Yvonne Lee', 'Colonel', 57),
('Zachary White', 'Captain', 44),
('Abby Taylor', 'Lieutenant', 27),
('Benjamin Rodriguez', 'Major', 50),
('Catherine Adams', 'Colonel', 58),
('David Smith', 'Captain', 45),
('Emma Davis', 'Lieutenant', 31),
('Floyd Wright', 'Major', 52),
('Grace Lee', 'Colonel', 59),
('Henry Brown', 'Captain', 46),
('Ivy Chen', 'Lieutenant', 30),
('Jack Wilson', 'Major', 51),
('Kathy Turner', 'Colonel', 58),
('Larry Clark', 'Captain', 43),
('Monica Harris', 'Lieutenant', 29),
('Nathan Nguyen', 'Major', 50),
('Olivia Smith', 'Colonel', 57),
('Peter Adams', 'Captain', 42),
('Quinn Lee', 'Lieutenant', 28)

insert into specialty (name, discipline, description) 
values
('Infantry Officer', 'Infantry Tactics', 'Lead and manage infantry units in combat situations.'),
('Communications Specialist', 'Communications', 'Handle and maintain communication equipment and networks.'),
('Intelligence Analyst', 'Intelligence', 'Analyze and interpret intelligence data for strategic planning.'),
('Combat Engineer', 'Engineering', 'Provide engineering support in combat situations.'),
('Medic', 'Medical', 'Provide medical care and support to military personnel.'),
('Pilot', 'Aviation', 'Operate and fly military aircraft.'),
('Cybersecurity Specialist', 'Cybersecurity', 'Protect military networks and systems from cyber threats.'),
('Artillery Operator', 'Artillery Operations', 'Operate and maintain artillery systems.'),
('Special Forces Operator', 'Special Operations', 'Conduct special operations missions.'),
('Tank Commander', 'Armored Warfare', 'Command and operate military tanks.'),
('Military Police', 'Law Enforcement', 'Enforce military laws and regulations.'),
('Nuclear Specialist', 'CBRN Defense', 'Handle and respond to CBRN threats.'),
('Sniper', 'Marksmanship', 'Engage targets from a concealed and long-range position.'),
('Drone Operator', 'UAS', 'Operate unmanned aerial vehicles for reconnaissance and surveillance.'),
('Naval Officer', 'Naval Operations', 'Command and manage naval vessels and operations.');

insert into military_district (name, area)
values
('Donbas', 80000),
('Tavriya', 70000),
('East', 33000),
('Kharkiv', 20000),
('North', 30000),
('Sumy', 15000),
('Kyiv', 25000),
('NovoLis', 15000),
('Lisostep', 60000),
('Dnipro line', 10000),
('moscow district', 10000),
('BNR', 40000)

insert into officer 
values
(1,'Piddubnyy Borys', 'General', 18, '2005-08-27', 5),
(2,'Ivanenko Maria', 'Colonel', 35, '2010-04-15', 3),
(3,'Kovalenko Oleksandr', 'Major', 60, '2015-11-02', 2),
(4,'Hrebeniuk Tetiana', 'Lieutenant Colonel', 70, '2012-09-20', 1),
(5,'Kozak Andrii', 'Captain', 54, '2017-06-10', 4),
(6,'Vorobiov Nataliia', 'Lieutenant', 56, '2019-03-05', 6),
(7,'Zahorodnii Mykola', 'Major General', 80, '2008-12-18', 7),
(8,'Lisovyi Olena', 'Colonel', 45, '2014-02-28', 8),
(9,'Symonenko Pavlo', 'Captain', 43, '2016-08-14', 9),
(10,'Tereshchenko Kateryna', 'Lieutenant Colonel', 55, '2011-05-23', 10),
(11,'Shcherbakov Dmytro', 'General', 61, '2003-10-08', 11),
(12,'Bilous Anastasiia', 'Lieutenant', 50, '2018-01-30', 12),
(13,'Tkachenko Serhii', 'Colonel', 55, '2013-07-17', 5),
(14,'Mazur Halyna', 'Major', 63, '2014-11-11', 11),
(15,'Zelenskyi Ihor', 'Captain', 40, '2016-04-02', 1);

insert into sergeants (name, rank, age, date_of_awarding_the_rank, district_id)
values
('John Smith', 'Sergeant', 28, '2022-05-15', 1),
('Olivia Johnson', 'Senior Sergeant', 32, '2022-03-20', 12),
('Andrew Anderson', 'Sergeant', 25, '2023-01-10', 5),
('Tiffany Davis', 'Senior Sergeant', 30, '2022-11-05', 11),
('Maxwell Taylor', 'Sergeant', 26, '2023-02-28', 6),
('Julia Miller', 'Senior Sergeant', 34, '2022-08-12', 3),
('Victor Brown', 'Sergeant', 29, '2022-06-18', 1),
('Elena Clark', 'Senior Sergeant', 31, '2022-09-25', 9),
('Sergei Martin', 'Sergeant', 27, '2023-04-03', 3),
('Maria White', 'Senior Sergeant', 33, '2022-12-30', 12),
('Eugene Wilson', 'Sergeant', 24, '2023-03-15', 4),
('Natalie Perez', 'Senior Sergeant', 35, '2022-07-22', 7),
('Valentin Johnson', 'Sergeant', 30, '2022-10-08', 8),
('Anna Taylor', 'Senior Sergeant', 32, '2023-05-05', 2),
('Igor White', 'Sergeant', 26, '2022-04-17', 3);

insert into army (name, commander_id)
values
('Alpha', 1),
('Azov', 3),
('36', 2),
('72', 5),
('Guargian', 4),
('Tanks', 6),
('Battleship', 8),
('Bats', 7),
('Assault brigade', 9),
('11', 11),
('OP', 10),
('17-HT', 12),
('93', 14),
('Reserve', 13),
('Art', 15);

insert into division (name, army_id, commander_id)
values
('Alpha', 1, 16),
('Bravo', 2, 17),
('Charlie', 11, 18),
('Delta', 13, 19),
('Echo', 2, 20),
('Foxtrot', 4, 21),
('Golf', 3, 22),
('Hotel', 5, 23),
('India', 4, 24),
('Juliet', 6, 25),
('Kilo', 5, 26),
('Lima', 7, 27),
('Mike', 15, 28),
('November', 8, 29),
('Oscar', 10, 30);

insert into corps (name, division_id, commander_id)
values
('Sapphire Phoenix', 13, 31),
('Thunder Gryphon', 8, 32),
('Shadow Serpent', 1, 33),
('Doomsday Dragon', 14, 34),
('Eternal Griffin', 6, 35),
('Midnight Chimera', 3, 36),
('Solar Eclipse', 11, 37),
('Abyssal Wyvern', 7, 38),
('Celestial Hydra', 10, 39),
('Lunar Pegasus', 7, 40),
('Stellar Basilisk', 12, 41),
('Nebula Naga', 15, 42),
('Cosmic Sphinx', 4, 43),
('Galactic Unicorn', 9, 44),
('Quantum Kraken', 13, 45);

insert into brigade (name, corps_id, commander_id)
values
('Sky Riders', 5, 46),
('Storm Breakers', 12, 47),
('Night Stalkers', 3, 48),
('Dreadnoughts', 14, 49),
('Thunder Wolves', 6, 50),
('Shadow Hawks', 2, 51),
('3 AB army', 11, 52),
('Abyssal Reapers', 7, 53),
('Celestial Guardians', 10, 54),
('Lunar Lancers', 5, 55),
('Stellar Saboteurs', 12, 56),
('Nebula Nomads', 15, 57),
('Cosmic Commandos', 4, 58),
('Galactic Gladiators', 9, 59),
('Quantum Quasars', 13, 60);

insert into military_base (name, address, capacity, date_of_creation, brigade_id, commander_id, district_id)
values
('Fort Phoenix', '123 Main Street, Cityville', 5000, '2020-05-15', 3, 61, 1),
('Camp Thunderbolt', '456 Oak Avenue, Townsville', 3500, '2018-09-20', 12, 62, 5),
('Outpost Shadowfall', '789 Pine Lane, Villagetown', 2000, '2019-03-10', 1, 63, 3),
('Bunker Doomsday', '101 Granite Street, Mountainburg', 4500, '2021-11-05', 14, 64, 7),
('Skyward Garrison', '202 Cloud Boulevard, Skyville', 3000, '2017-08-28', 6, 65, 2),
('Midnight Barracks', '303 Moon Street, Lunatown', 2500, '2016-12-15', 2, 66, 9),
('Solar Citadel', '404 Sun Avenue, Solartown', 4000, '2022-06-18', 11, 67, 4),
('Abyssal Depot', '505 Abyss Lane, Darksville', 3200, '2020-04-03', 7, 68, 8),
('Celestial Arsenal', '606 Star Street, Starburg', 2800, '2018-11-25', 10, 69, 6),
('Lunar Armory', '707 Silver Boulevard, Moontown', 3800, '2019-07-22', 5, 70, 10),
('Stellar Storage', '808 Nebula Avenue, Stardale', 2700, '2021-02-15', 12, 71, 11),
('Nebula Depot', '909 Cosmic Lane, Cosmosville', 4200, '2016-10-30', 15, 72, 12),
('Cosmic Compound', '1010 Galaxy Street, Galaxytown', 3200, '2017-04-17', 4, 73, 1),
('Galactic Garrison', '1111 Universe Lane, Universetown', 3700, '2022-01-10', 9, 74, 2),
('Quantum Quarters', '1212 Wormhole Avenue, Quantumville', 3100, '2018-07-05', 13, 75, 3);

insert into squadron (name, base_id, commander_id)
values
('Black Bears', 3, 76),
('Carpathian Eagles', 12, 77),
('Volga Wolves', 1, 78),
('Iron Curtain Raptors', 14, 79),
('Baltic Falcons', 6, 80),
('Danube Dragoons', 2, 81),
('Vistula Hawks', 11, 82),
('Dnieper Griffins', 7, 83),
('Balkan Ravens', 10, 84),
('Siberian Tigers', 5, 85),
('Eastern Storm', 12, 86),
('Amber Nomads', 15, 87),
('Cossack Cobras', 4, 88),
('Carpathian Griffins', 9, 89),
('Borscht Bears', 13, 90);

insert into platoon (name, squadron_id, commander_id)
values
('Eagle Battalion', 3, 91),
('Iron Wolves', 12, 92),
('Spartan Company', 1, 93),
('Dragoon Division', 14, 94),
('Carpathian Sentinels', 6, 95),
('Danube Guardians', 2, 96),
('Black Raven Regiment', 11, 97),
('Vistula Vanguard', 7, 98),
('Balkan Legion', 10, 99),
('Amber Hussars', 5, 100),
('Tiger Troop', 12, 101),
('Ukrainian Cossacks', 15, 102),
('Bison Brigade', 4, 103),
('Carpathian Knights', 9, 104),
('Dnipro Drifters', 13, 105);

insert into branch (name, platoon_id, commander_id)
values
('№1', 3, 106),
('№2', 12, 107),
('№3', 1, 108),
('№4', 14, 109),
('№5', 6, 110),
('№6', 2, 111),
('№7', 11, 112),
('№8', 7, 113),
('№9', 10, 114),
('№10', 5, 115),
('№11', 12, 116),
('№12', 15, 117),
('№13', 4, 118),
('№14', 9, 119),
('№15', 13, 120);

insert into weaponry (name, type, purpose, base_id)
values
('AK-74', 'Assault Rifle', 'Infantry Support', 4),
('RPG-7', 'Rocket Launcher', 'Anti-Armor', 2),
('PKM', 'Machine Gun', 'Suppression', 3),
('Dragunov SVD', 'Sniper Rifle', 'Precision Shooting', 1),
('RPK-74', 'Light Machine Gun', 'Fire Support', 2),
('Makarov PM', 'Pistol', 'Sidearm', 3),
('SVD-S', 'Designated Marksman Rifle', 'Marksmanship', 1),
('RPG-29', 'Rocket Launcher', 'Anti-Tank', 2),
('Saiga-12', 'Shotgun', 'Close Quarters', 3),
('VSS Vintorez', 'Special Sniper Rifle', 'Covert Operations', 1),
('RP-46', 'Belt-Fed Machine Gun', 'Sustained Fire', 2),
('AKS-74U', 'Compact Assault Rifle', 'CQB', 3),
('PKP Pecheneg', 'General Purpose Machine Gun', 'Versatile', 1),
('AS Val', 'Assault Rifle', 'Stealth Operations', 3),
('9K333 Verba', 'Man-Portable Air-Defense System', 'Anti-Air', 2);

insert into military_tech (name, type, purpose, base_id)
values
('T-72', 'Main Battle Tank', 'Armored Warfare', 1),
('Mi-24 Hind', 'Attack Helicopter', 'Close Air Support', 2),
('BM-21 Grad', 'Multiple Rocket Launcher', 'Artillery Support', 3),
('S-300', 'Surface-to-Air Missile System', 'Air Defense', 4),
('BMP-2', 'Infantry Fighting Vehicle', 'Troop Transport', 5),
('Su-25 Frogfoot', 'Close Air Support Aircraft', 'Ground Attack', 6),
('Ka-52 Alligator', 'Reconnaissance and Attack Helicopter', 'Multirole', 7),
('2S19 Msta', 'Self-Propelled Howitzer', 'Artillery Support', 8),
('AK-630', 'Close-In Weapon System', 'Anti-Air Defense', 9),
('T-90', 'Main Battle Tank', 'Armored Warfare', 10),
('Sukhoi Su-27', 'Air Superiority Fighter', 'Air Defense', 11),
('BTR-80', 'Armored Personnel Carrier', 'Troop Transport', 12),
('Tor Missile System', 'Short-Range Air Defense System', 'Anti-Air', 13),
('MiG-29', 'Multirole Fighter', 'Air Defense', 14),
('Pantsir-S1', 'Combined Missile and Anti-Aircraft System', 'Air Defense', 15);

insert into transport_tech (name, type, capacity, base_id)
values
('Ural-4320', 'Utility Truck', 5, 15),
('Mi-8 Hip', 'Transport Helicopter', 24, 2),
('Kamaz-5350', 'Cargo Truck', 10, 3),
('An-124 Ruslan', 'Strategic Airlift Aircraft', 150, 4),
('BRDM-2', 'Armored Scout Car', 4, 5),
('Il-76 Candid', 'Military Transport Aircraft', 145, 6),
('BTR-60', 'Armored Personnel Carrier', 12, 8),
('GAZ Tigr', 'Infantry Mobility Vehicle', 5, 8),
('ZIL-131', 'Medium Cargo Truck', 8, 9),
('Mi-26 Halo', 'Heavy Transport Helicopter', 90, 10),
('KrAZ-255', 'Off-road Cargo Truck', 15, 11),
('C-130 Hercules', 'Tactical Airlift Aircraft', 92, 12),
('BMD-1', 'Airborne Infantry Fighting Vehicle', 6, 13),
('GAZ-66', 'Light Cargo Truck', 3, 14),
('Antonov An-225', 'Strategic Airlift Aircraft', 250, 15);

insert into rank_and_file (name, age, branch_id)
values
('John Smith', 25, 1),
('Anna Johnson', 28, 2),
('Robert Davis', 23, 3),
('Olga Petrov', 26, 4),
('Michael Anderson', 29, 5),
('Elena Kuznetsov', 24, 1),
('William Wilson', 27, 2),
('Svetlana Ivanova', 22, 3),
('James Brown', 30, 4),
('Maria Gonzalez', 26, 5),
('Daniel Taylor', 24, 1),
('Natalia Rodriguez', 29, 2),
('Christopher Miller', 27, 3),
('Irina Smirnova', 23, 4),
('Matthew White', 28, 5),
('Sophia Lee', 25, 1),
('Andrew Kim', 30, 2),
('Victoria Chang', 22, 3),
('Alexander Wu', 26, 4),
('Emma Harris', 24, 5),
('Kevin Park', 28, 1),
('Yulia Sokolov', 29, 2),
('Brandon Martinez', 27, 3),
('Anastasia Popova', 23, 4),
('Jason Nguyen', 26, 5),
('Alyssa Robinson', 24, 1),
('Dmitri Ivanov', 30, 2),
('Emily Johnson', 25, 3),
('Ryan Thompson', 28, 4);

insert into officer_specialty (officer_id, specialty_id)
values
(1,5),
(1,7),
(1,15),
(2,5),
(3,5),
(2,10),
(10,1),
(3,11),
(9,10),
(11,13),
(11,15),
(4,3),
(5,4),
(6,5),
(7,6),
(8,7),
(9,8),
(10,9),
(11,10),
(12,11),
(13,12),
(14,13),
(15,14),
(2,15),
(1,1),
(3,2),
(4,3),
(5,4),
(6,5),
(7,6);

insert into sergeants_specialty (sergeants_id, specialty_id)
values
(1,5),
(1,7),
(1,15),
(2,5),
(3,5),
(2,10),
(10,1),
(3,11),
(9,10),
(11,13),
(11,15),
(4,3),
(5,4),
(6,5),
(7,6),
(8,7),
(9,8),
(10,9),
(11,10),
(12,11),
(13,12),
(14,13),
(15,14),
(2,15),
(1,1),
(3,2),
(4,3),
(5,4),
(6,5),
(7,6);

insert into rank_and_file_specialty (rank_and_file_id, specialty_id)
values
(1,5),
(1,7),
(1,15),
(2,5),
(3,5),
(2,10),
(10,1),
(3,11),
(9,10),
(11,13),
(11,15),
(4,3),
(5,4),
(6,5),
(7,6),
(8,7),
(9,8),
(10,9),
(11,10),
(12,11),
(13,12),
(14,13),
(15,14),
(2,15),
(1,1),
(3,2),
(4,3),
(5,4),
(6,5),
(7,6);